{"cameraMode":{"drawMode":0,"name":"Shaded","section":"Shading Mode"},"sceneLighting":true,"audioPlay":false,"sceneViewState":{"showFog":true,"showMaterialUpdate":false,"showSkybox":true,"showFlares":true,"showImageEffects":true,"showParticleSystems":true,"showVisualEffectGraphs":true,"m_FxEnabled":true},"in2DMode":false,"pivot":{"x":1.4918781518936158,"y":0.8054981827735901,"z":-6.9398956298828129},"rotation":{"x":0.00046494993148371577,"y":-0.9945971965789795,"z":-0.004475005902349949,"w":-0.10359454154968262},"size":4.552234172821045,"orthographic":false}