{"cameraMode":{"drawMode":0,"name":"Shaded","section":"Shading Mode"},"sceneLighting":true,"audioPlay":false,"sceneViewState":{"showFog":true,"showMaterialUpdate":false,"showSkybox":true,"showFlares":true,"showImageEffects":true,"showParticleSystems":true,"showVisualEffectGraphs":true,"m_FxEnabled":true},"in2DMode":false,"pivot":{"x":0.18020057678222657,"y":0.27053117752075198,"z":0.26075005531311037},"rotation":{"x":-0.1732380986213684,"y":0.46444323658943179,"z":-0.0931798443198204,"w":-0.8634732961654663},"size":2.6000540256500246,"orthographic":false}