{"cameraMode":{"drawMode":0,"name":"Shaded","section":"Shading Mode"},"sceneLighting":true,"audioPlay":false,"sceneViewState":{"showFog":true,"showMaterialUpdate":false,"showSkybox":true,"showFlares":true,"showImageEffects":true,"showParticleSystems":true,"showVisualEffectGraphs":true,"m_FxEnabled":true},"in2DMode":false,"pivot":{"x":0.05702919885516167,"y":1.3628287315368653,"z":-2.7688238620758058},"rotation":{"x":-0.0009550699614919722,"y":-0.9982207417488098,"z":0.0569612979888916,"w":-0.01675427332520485},"size":4.3686089515686039,"orthographic":false}