{"cameraMode":{"drawMode":0,"name":"Shaded","section":"Shading Mode"},"sceneLighting":true,"audioPlay":false,"sceneViewState":{"showFog":true,"showMaterialUpdate":false,"showSkybox":true,"showFlares":true,"showImageEffects":true,"showParticleSystems":true,"showVisualEffectGraphs":true,"m_FxEnabled":true},"in2DMode":false,"pivot":{"x":0.013257782906293869,"y":1.3628289699554444,"z":-2.770294427871704},"rotation":{"x":-0.0009550699614919722,"y":-0.9982207417488098,"z":0.0569612979888916,"w":-0.01675427332520485},"size":3.1686089038848879,"orthographic":false}