{"cameraMode":{"drawMode":0,"name":"Shaded","section":"Shading Mode"},"sceneLighting":true,"audioPlay":false,"sceneViewState":{"showFog":true,"showMaterialUpdate":false,"showSkybox":true,"showFlares":true,"showImageEffects":true,"showParticleSystems":true,"showVisualEffectGraphs":true,"m_FxEnabled":true},"in2DMode":false,"pivot":{"x":-0.057190656661987308,"y":1.2228754758834839,"z":0.43585216999053957},"rotation":{"x":-0.08974652737379074,"y":0.4699235260486603,"z":-0.0480988472700119,"w":-0.8768115043640137},"size":1.4000542163848878,"orthographic":false}