{"cameraMode":{"drawMode":0,"name":"Shaded","section":"Shading Mode"},"sceneLighting":true,"audioPlay":false,"sceneViewState":{"showFog":true,"showMaterialUpdate":false,"showSkybox":true,"showFlares":true,"showImageEffects":true,"showParticleSystems":true,"showVisualEffectGraphs":true,"m_FxEnabled":true},"in2DMode":false,"pivot":{"x":0.10410571098327637,"y":0.340564489364624,"z":-0.6830615997314453},"rotation":{"x":-0.17545980215072633,"y":0.26084354519844057,"z":-0.048273734748363498,"w":-0.9480679631233215},"size":5.000054359436035,"orthographic":false}