{"cameraMode":{"drawMode":0,"name":"Shaded","section":"Shading Mode"},"sceneLighting":false,"audioPlay":false,"sceneViewState":{"showFog":true,"showMaterialUpdate":false,"showSkybox":false,"showFlares":true,"showImageEffects":true,"showParticleSystems":true,"showVisualEffectGraphs":true,"m_FxEnabled":true},"in2DMode":false,"pivot":{"x":0.16935588419437409,"y":0.421577125787735,"z":1.1496816873550416},"rotation":{"x":-0.0009550699614919722,"y":-0.9982207417488098,"z":0.0569612979888916,"w":-0.01675427332520485},"size":0.6750648617744446,"orthographic":false}