{"cameraMode":{"drawMode":0,"name":"Shaded","section":"Shading Mode"},"sceneLighting":false,"audioPlay":false,"sceneViewState":{"showFog":true,"showMaterialUpdate":false,"showSkybox":false,"showFlares":true,"showImageEffects":true,"showParticleSystems":true,"showVisualEffectGraphs":true,"m_FxEnabled":true},"in2DMode":false,"pivot":{"x":0.21906623244285584,"y":0.578410804271698,"z":0.3854250907897949},"rotation":{"x":-0.0009550699614919722,"y":-0.9982207417488098,"z":0.0569612979888916,"w":-0.01675427332520485},"size":0.1354570835828781,"orthographic":false}