{"cameraMode":{"drawMode":0,"name":"Shaded","section":"Shading Mode"},"sceneLighting":false,"audioPlay":false,"sceneViewState":{"showFog":true,"showMaterialUpdate":false,"showSkybox":false,"showFlares":true,"showImageEffects":true,"showParticleSystems":true},"in2DMode":false,"pivot":{"x":0.8586466312408447,"y":0.9761695861816406,"z":0.21767881512641908},"rotation":{"x":-0.08602777868509293,"y":-0.7828817963600159,"z":0.11112401634454727,"w":-0.6060734391212463},"size":1.1660254001617432,"orthographic":false}