{"cameraMode":{"drawMode":0,"name":"Shaded","section":"Shading Mode"},"sceneLighting":true,"audioPlay":false,"sceneViewState":{"showFog":true,"showMaterialUpdate":false,"showSkybox":true,"showFlares":true,"showImageEffects":true,"showParticleSystems":true},"in2DMode":false,"pivot":{"x":-3.8741674423217775,"y":0.2876323461532593,"z":-6.425333023071289},"rotation":{"x":0.011036766692996025,"y":-0.970343291759491,"z":0.04515412822365761,"w":0.237167626619339},"size":4.552234172821045,"orthographic":false}