{"cameraMode":{"drawMode":0,"name":"Shaded","section":"Shading Mode"},"sceneLighting":false,"audioPlay":false,"sceneViewState":{"showFog":true,"showMaterialUpdate":false,"showSkybox":false,"showFlares":true,"showImageEffects":true,"showParticleSystems":true,"showVisualEffectGraphs":true,"m_FxEnabled":true},"in2DMode":false,"pivot":{"x":0.11223331093788147,"y":0.4815111756324768,"z":-0.1265031099319458},"rotation":{"x":0.009702515788376332,"y":0.9902212619781494,"z":-0.09235726296901703,"w":0.10404965281486511},"size":0.8660253882408142,"orthographic":false}