{"cameraMode":{"drawMode":0,"name":"Shaded","section":"Shading Mode"},"sceneLighting":false,"audioPlay":false,"sceneViewState":{"showFog":true,"showMaterialUpdate":false,"showSkybox":false,"showFlares":true,"showImageEffects":true,"showParticleSystems":true,"showVisualEffectGraphs":true,"m_FxEnabled":true},"in2DMode":false,"pivot":{"x":0.2990148067474365,"y":1.3824397325515748,"z":-0.8052711486816406},"rotation":{"x":0.021297641098499299,"y":0.9698376059532166,"z":-0.09192393720149994,"w":0.224722221493721},"size":1.2635002136230469,"orthographic":false}